{
  "model_config": {
    "d_model": 16,
    "n_heads": 2,
    "n_encoder_layers": 4,
    "n_decoder_layers": 4,
    "d_ff": 64,
    "src_vocab_size": 200,
    "tgt_vocab_size": 500,
    "src_seq_len": 20,
    "tgt_seq_len": 20
  },
  "training": {
    "loss_history": [
      25.522524,
      23.907381,
      22.859777,
      22.228617,
      21.774578,
      21.336445,
      20.905298,
      20.513077,
      20.158783,
      19.819002,
      19.488852,
      19.174864,
      18.875988,
      18.592237,
      18.32706,
      18.077961,
      17.843237,
      17.621647,
      17.410404,
      17.208715,
      17.014795,
      16.826828,
      16.64354,
      16.464136,
      16.286825,
      16.11031,
      15.933733,
      15.756029,
      15.577076,
      15.39571,
      15.210472,
      15.022888,
      14.831844,
      14.636326,
      14.436243,
      14.231947,
      14.023304,
      13.809677,
      13.592005,
      13.372167,
      13.150463,
      12.927788,
      12.705078,
      12.482746,
      12.260073,
      12.036685,
      11.812849,
      11.588541,
      11.362928,
      11.13656
    ],
    "final_loss": 11.13656,
    "epochs": 50,
    "learning_rate": 0.0005,
    "batch_size": 32
  },
  "metadata": {
    "burn_version": "0.1.0",
    "trained_at": "2025-10-24T12:32:19.378598+09:00"
  },
  "weight_stats": null
}